,Model,Accuracy,Precision,Recall,F1
0,Logistic Regression,1.0,1.0,1.0,1.0
1,Random Forest,0.9764150943396226,0.9814814814814815,0.9298245614035088,0.954954954954955
2,XGBoost,0.9764150943396226,0.9482758620689655,0.9649122807017544,0.9565217391304348
